id,ciclo_id,order,code,name,description,methodology,bibliography
1,1,1,MAT1,Matemáticas para Economistas I,Curso base de matemáticas orientado al análisis económico. Cubre lógica funciones límites y derivadas con aplicaciones directas a problemas económicos.,Clases teórico-prácticas; Resolución de problemas aplicados a economía; Talleres con herramientas computacionales,Sydsaeter K. & Hammond P. — Matemáticas para el Análisis Económico; Chiang A. — Métodos Fundamentales de Economía Matemática
2,1,2,ECO1,Introducción a la Economía,Curso introductorio que presenta los principios fundamentales de la economía el funcionamiento de los mercados y el rol de los agentes económicos.,Clases expositivas con casos reales; Análisis de noticias económicas; Debates sobre política económica,Mankiw N.G. — Principios de Economía; Krugman P. & Wells R. — Introducción a la Economía
3,1,3,HIS1,Historia Económica y Sistemas,Recorrido por la evolución de los sistemas económicos desde las economías preindustriales hasta la economía digital.,Clases magistrales con líneas de tiempo; Ensayos analíticos; Análisis comparativo de sistemas económicos,Heilbroner R. — Los Filósofos Terrenales; Cameron R. — Historia Económica Mundial
4,1,4,PRG1,Programación I (Python),Introducción a la programación con Python orientada al análisis de datos económicos.,Laboratorios prácticos; Proyectos aplicados; Pair programming,Sweigart A. — Automate the Boring Stuff with Python; McKinney W. — Python for Data Analysis
5,1,5,HER1,Herramientas Digitales (Excel + BI),Dominio de herramientas digitales esenciales para el análisis de datos: Excel avanzado y herramientas de Business Intelligence.,Talleres prácticos 100%; Casos de negocio reales; Construcción progresiva de dashboards,Alexander M. — Excel Dashboards and Reports; Ferrari A. & Russo M. — Introducing Microsoft Power BI
6,2,1,MAT2,Matemáticas II (Cálculo + Álgebra Lineal),Profundización en cálculo multivariable y álgebra lineal como herramientas fundamentales para el modelamiento económico y financiero.,Clases teórico-prácticas; Resolución de problemas con aplicaciones económicas; Uso de Python/NumPy para cálculos matriciales,Sydsaeter K. — Matemáticas para el Análisis Económico; Strang G. — Linear Algebra and Its Applications
7,2,2,EST1,Estadística I (Probabilidad),Fundamentos de probabilidad y estadística descriptiva aplicados al análisis de datos económicos y financieros.,Clases teórico-prácticas; Laboratorios con Python (pandas matplotlib); Análisis de datasets económicos reales,Wackerly D. — Estadística Matemática con Aplicaciones; Ross S. — A First Course in Probability
8,2,3,MIC1,Microeconomía I,Análisis del comportamiento de consumidores y productores teoría de la firma y equilibrio de mercado con enfoque cuantitativo.,Modelamiento matemático de decisiones; Resolución de problemas con optimización; Simulaciones en Python,Varian H. — Microeconomía Intermedia; Mas-Colell A. — Microeconomic Theory
9,2,4,CON1,Contabilidad Financiera,Fundamentos de contabilidad financiera para la lectura interpretación y análisis de estados financieros empresariales.,Casos prácticos con estados financieros reales; Análisis de empresas listadas en bolsa; Talleres con Excel,Warren C. — Contabilidad Financiera; Horngren C. — Introducción a la Contabilidad Financiera
10,2,5,PRG2,Programación II (Data Handling + APIs),Programación intermedia enfocada en manipulación avanzada de datos consumo de APIs y automatización de flujos de datos económicos y financieros.,Laboratorios prácticos; Proyectos con datos reales; Code reviews,McKinney W. — Python for Data Analysis; VanderPlas J. — Python Data Science Handbook
11,3,1,OPT1,Optimización y Modelos Económicos,Técnicas de optimización aplicadas a la construcción y resolución de modelos económicos.,Clases teórico-prácticas; Resolución computacional de modelos; Proyectos aplicados,Chiang A. — Métodos Fundamentales de Economía Matemática; Dixit A. — Optimization in Economic Theory
12,3,2,EST2,Estadística II (Inferencia),Estadística inferencial: estimación pruebas de hipótesis y análisis de regresión como puente hacia la econometría.,Clases teórico-prácticas; Laboratorios con Python (scipy statsmodels); Análisis de datos económicos reales,Wooldridge J. — Introductory Econometrics; Wackerly D. — Estadística Matemática con Aplicaciones
13,3,3,MIC2,Microeconomía II,Análisis avanzado de mercados imperfectos externalidades bienes públicos e información asimétrica con modelamiento formal.,Modelamiento matemático formal; Simulaciones de mercado; Análisis de casos reales de regulación,Varian H. — Microeconomía Intermedia; Tirole J. — The Theory of Industrial Organization
14,3,4,MAC1,Macroeconomía I,Fundamentos de macroeconomía: contabilidad nacional modelos de determinación del ingreso y política económica.,Clases teórico-prácticas; Análisis de datos macroeconómicos reales (BCRP FRED); Simulaciones con Python,Blanchard O. — Macroeconomía; Mankiw N.G. — Macroeconomics
15,3,5,BDD1,Introducción a Bases de Datos (SQL),Fundamentos de bases de datos relacionales y SQL para la gestión y consulta de datos económicos y financieros.,Talleres prácticos con PostgreSQL/SQLite; Consultas sobre datasets económicos; Proyecto integrador,Beaulieu A. — Learning SQL; Date C.J. — An Introduction to Database Systems
16,4,1,ECM1,Econometría I (Regresión),Modelos de regresión lineal aplicados al análisis económico con énfasis en estimación inferencia y diagnóstico.,Clases teórico-prácticas; Laboratorios con Python/R; Análisis de datos económicos reales,Wooldridge J. — Introductory Econometrics; Greene W. — Econometric Analysis
17,4,2,MAC2,Macroeconomía II (IS-LM OA-DA),Modelos macroeconómicos avanzados: IS-LM oferta y demanda agregada y economía abierta.,Clases teórico-prácticas; Simulaciones de política económica; Análisis de datos macro,Blanchard O. — Macroeconomía; Dornbusch R. — Macroeconomics
18,4,3,FIN1,Finanzas Corporativas,Fundamentos de finanzas corporativas: valoración de activos estructura de capital y decisiones de inversión.,Casos prácticos; Modelamiento financiero en Excel/Python; Análisis de empresas reales,Berk J. & DeMarzo P. — Corporate Finance; Ross S. — Fundamentals of Corporate Finance
19,4,4,TJU1,Teoría de Juegos,Modelos de interacción estratégica aplicados a economía negocios y política.,Modelamiento formal; Simulaciones y experimentos; Análisis de casos estratégicos,Osborne M. — An Introduction to Game Theory; Gibbons R. — Game Theory for Applied Economists
20,4,5,ING1,Ingeniería de Datos (ETL Pipelines),Diseño e implementación de pipelines de datos para el procesamiento y análisis de información económica y financiera.,Talleres prácticos; Proyectos con datos reales; Arquitectura de datos,Reis J. — Fundamentals of Data Engineering; Kleppmann M. — Designing Data-Intensive Applications
21,5,1,ECM2,Econometría II (Series de Tiempo),Modelos econométricos para datos de series de tiempo: ARIMA GARCH y cointegración.,Clases teórico-prácticas; Laboratorios con Python; Análisis de series financieras reales,Hamilton J. — Time Series Analysis; Enders W. — Applied Econometric Time Series
22,5,2,DER1,Derivados Financieros,Valoración y uso de instrumentos derivados: opciones futuros forwards y swaps.,Clases teórico-prácticas; Simulaciones de pricing; Análisis de mercados de derivados,Hull J. — Options Futures and Other Derivatives; McDonald R. — Derivatives Markets
23,5,3,RIE1,Gestión de Riesgos (VaR CVaR),Medición y gestión de riesgos financieros: riesgo de mercado crédito y operacional.,Casos prácticos; Modelamiento de riesgo en Python; Simulación Monte Carlo,Jorion P. — Value at Risk; McNeil A. — Quantitative Risk Management
24,5,4,MLA1,Machine Learning aplicado a Economía,Algoritmos de machine learning aplicados a problemas económicos y financieros.,Laboratorios con scikit-learn; Proyectos con datos reales; Kaggle competitions,James G. — An Introduction to Statistical Learning; Géron A. — Hands-On Machine Learning
25,5,5,FIN2,Finanzas Internacionales,Mercados financieros internacionales tipos de cambio y flujos de capital.,Clases teórico-prácticas; Análisis de mercados cambiarios; Casos de crisis financieras,Krugman P. — International Economics; Eun C. — International Financial Management
26,6,1,TRA1,Trading Algorítmico,Diseño e implementación de estrategias de trading automatizado.,Laboratorios prácticos; Backtesting con datos reales; Desarrollo de bots,Chan E. — Algorithmic Trading; Jansen S. — Machine Learning for Algorithmic Trading
27,6,2,BEH1,Behavioral Finance,Sesgos cognitivos y su impacto en las decisiones financieras y los mercados.,Experimentos conductuales; Análisis de anomalías de mercado; Casos prácticos,Kahneman D. — Thinking Fast and Slow; Thaler R. — Misbehaving
28,6,3,ARQ1,Arquitectura de Sistemas Financieros,Diseño de sistemas financieros: microservicios pricing engines e integración con ERPs.,Proyectos prácticos; Arquitectura de software; Integración de sistemas,Newman S. — Building Microservices; Richards M. — Software Architecture Patterns
29,6,4,REG1,Regulación y Economía Pública,Marco regulatorio financiero economía pública y diseño de políticas.,Análisis de regulación; Debates; Casos de política pública,Stiglitz J. — Economics of the Public Sector; Viscusi W. — Economics of Regulation and Antitrust
30,6,5,PRY1,Proyecto Final (Tesis Aplicada),Proyecto integrador que aplica todos los conocimientos de la carrera.,Asesoría personalizada; Desarrollo iterativo; Presentación ante jurado,Según tema de tesis
